{
    "Bald": 0.9500000000000001,
    "Bangs": 0.8500000000000001,
    "Receding Hairline": 0.8500000000000001,
    "Mustache": 0.9000000000000001,
    "Goatee": 0.9000000000000001,
    "Sideburns": 0.9500000000000001,
    "Glasses": 0.8500000000000001,
    "Hat": 0.9500000000000001,
    "Earrings": 0.7500000000000001,
    "Oval Face": 0.5,
    "High Cheekbones": 0.55,
    "Arched Eyebrows": 0.6000000000000001,
    "Bushy Eyebrows": 0.7000000000000001,
    "Big Nose": 0.6000000000000001,
    "Big Lips": 0.5
}